premise	hypothesis	label
Well, I didn't think about that either, but I didn't like it, so I went back and talked to him.	I did not say another word.	2
Well, I didn't think about that either, but I didn't like it, so I went back and talked to him.	I was so nervous that I just started talking to her again.	0
Well, I didn't think about that either, but I didn't like it, so I went back and talked to him.	We had a heated argument.	1
I was told that when they finished, they would bring me the one whom I would meet.	I wasn't told that I'd ever meet anyone.	2
I was told that when they finished, they would bring me the one whom I would meet.	I was told that a young man was called to meet me.	0
I was told that when they finished, they would bring me the one whom I would meet.	It took him a while to get here.	1
We have much to say about this, but I am unable to venture to speak in detail.	I would like to tell you everything I know about him.	2
We have much to say about this, but I am unable to venture to speak in detail.	With regard to these matters, I fear that you will be greatly distressed at what I am about to write to you.	0
We have much to say about this, but I am unable to venture to speak in detail.	I won't go into the history of that city because there's too much to say about it.	1
So I don't really know why.	That's not why it happened.	2
So I don't really know why.	I don't know why he left school.	1
So I don't really know why.	I don't know why he left school.	0
I'm the only one who can do the uh, the repair work, the cold-room test.	I'm glad I'm the only one who can use the keyboard for the tests.	1
I'm the only one who can do the uh, the repair work, the cold-room test.	The tests were conducted in the cold room.	0
I'm the only one who can do the uh, the repair work, the cold-room test.	Some of us ran off with the corrections for the test.	2
I'm not, uh, a retired police officer, as Rick said.	I'm still working today.	2
I'm not, uh, a retired police officer, as Rick said.	I retired in 2002.	1
I'm not, uh, a retired police officer, as Rick said.	Rick told you I was resting.	0
I have some credit cards on my desk and, yes, they belong to a Cutty machin-chose, as the businessman is called.	Cutty's monthly salary was $10,000	1
I have some credit cards on my desk and, yes, they belong to a Cutty machin-chose, as the businessman is called.	I had a brother named Cutty	0
I have some credit cards on my desk and, yes, they belong to a Cutty machin-chose, as the businessman is called.	We had no customers other than Cutty.	2
The girl who can help me is on the other side of town.	The virgin who needed my help gave birth to a child here.	0
The girl who can help me is on the other side of town.	The girl who will help me is 5 miles from here.	1
The girl who can help me is on the other side of town.	No one could help me.	2
They do not distinguish between those who go out in the field and those who are part of the household, but the difference is...	They urged them to work in the vineyards.	2
They do not distinguish between those who go out in the field and those who are part of the household, but the difference is...	They could not agree among themselves as to which of them would be the gardener and which the householder.	0
They do not distinguish between those who go out in the field and those who are part of the household, but the difference is...	So the disciples began to wonder among themselves which of them would be the one to pick it up.	1
I mean, they had five children, one of whom died.	All their children survived.	2
I mean, they had five children, one of whom died.	One out of every five babies is stillborn.	0
I mean, they had five children, one of whom died.	The child who died was born with a disability.	1
She said she had tears in her eyes, and they said that Joe had come to the rescue.	As he spoke, tears welled up in his eyes.	0
She said she had tears in her eyes, and they said that Joe had come to the rescue.	As she pulled Joe out of the shelter, she burst into tears.	2
She said she had tears in her eyes, and they said that Joe had come to the rescue.	She was so happy to see Joe that she burst into tears	1
If the airplane is still on fire, why, if uh, it's on fire and some of the fuel is burning and the power of the light is going out.	The energy of light can be trapped in flames.	1
If the airplane is still on fire, why, if uh, it's on fire and some of the fuel is burning and the power of the light is going out.	When the plane went down, the electricity was generated by a short circuit.	0
If the airplane is still on fire, why, if uh, it's on fire and some of the fuel is burning and the power of the light is going out.	The force of the light cannot escape the flames.	2
This is Officer Clem Francis, retired from the US Air Force.	The colonel is a retired US Air Force officer	0
This is Officer Clem Francis, retired from the US Air Force.	This was just a few days after the Great Man had taken his rest.	1
This is Officer Clem Francis, retired from the US Air Force.	The U.S. army officer began his work this week.	2
Two or three in the night shall go forth, and they shall not know whither they go.	Flights arriving in the same season are more than one.	0
Two or three in the night shall go forth, and they shall not know whither they go.	The proliferation of air travel is a problem.	1
Two or three in the night shall go forth, and they shall not know whither they go.	No planes ever came.	2
Then they cast lots to decide which of them should wear the tunic, and I took a long time to decide which should wear the tunic.	Construction for full use of the lunar facilities took three months to complete	1
Then they cast lots to decide which of them should wear the tunic, and I took a long time to decide which should wear the tunic.	It takes time to prepare for the use of airless menstrual cups.	0
Then they cast lots to decide which of them should wear the tunic, and I took a long time to decide which should wear the tunic.	We can prepare you to wear airtight clothing from now until you die	2
I would argue that it is safer to move objects into the room, since it is not possible to lift them, let alone force them to the floor.	The pilot put out the fire.	1
I would argue that it is safer to move objects into the room, since it is not possible to lift them, let alone force them to the floor.	No one has the right to make things happen for you	0
I would argue that it is safer to move objects into the room, since it is not possible to lift them, let alone force them to the floor.	There is a great deal of skill in making things work.	2
And that's exactly what I'm doing.	I don't know what it's like for you.	2
And that's exactly what I'm doing.	It is my will to do it.	0
And that's exactly what I'm doing.	I'm trying to figure out what I'm going to do next week.	1
Moreover, animals, especially goats, are attracted to the sun.	The goats leave the enclosure every day.	1
Moreover, animals, especially goats, are attracted to the sun.	Goats fly regularly.	0
Moreover, animals, especially goats, are attracted to the sun.	The goats were kept safe and healthy.	2
When we entered, the doors were already locked.	All the doors were open.	2
When we entered, the doors were already locked.	We have the keys.	1
When we entered, the doors were already locked.	We climbed aboard and put out to sea. The doors were locked, and the rest of the ship was in shambles.	0
Well, I was just trying to put the speakers in the trash.	I know that I will receive it as soon as I have deposited my debts with the church.	1
Well, I was just trying to put the speakers in the trash.	For I am not acquainted with the customs of this people. Therefore, I beg you to clarify these matters for me.	2
Well, I was just trying to put the speakers in the trash.	I will evaluate it according to your answers.	0
And it's the way the mothers drank the poison.	The mothers were alcoholics.	1
And it's the way the mothers drank the poison.	Do not prescribe medication or give it to the mother.	2
And it's the way the mothers drank the poison.	The mothers are cooking poison	0
Yes, it's really good. Is it raining?	The rain doesn't bother me.	1
Yes, it's really good. Is it raining?	The land is clean and well-watered.	0
Yes, it's really good. Is it raining?	How sad it is to be burned alive!	2
Or what can a man give in exchange for his soul?	Every life is important in order to be ashamed of it; no and to be given a new chance.	1
Or what can a man give in exchange for his soul?	No human is worthy of receiving a second chance.	2
Or what can a man give in exchange for his soul?	Apart from salvation, life is precious.	0
It created a big problem in their thinking	I've never seen such a problem with gambling.	1
It created a big problem in their thinking	The problem is not the sword.	2
It created a big problem in their thinking	This unscrupulous marketing has created a problem.	0
It's a strange thing to do, and I'm not sure they're authorized to do it.	I am not surprised that they showed mercy.	2
It's a strange thing to do, and I'm not sure they're authorized to do it.	I was amazed that they were allowed to take food and drink from it.	1
It's a strange thing to do, and I'm not sure they're authorized to do it.	To my surprise, they got away with it.	0
Oh, and by the way, my kids are twenty-one and twenty-four now, so I'm not going to	I don't need this, because my sons are over twenty years old.	0
Oh, and by the way, my kids are twenty-one and twenty-four now, so I'm not going to	I can accept them because they are close to each other.	1
Oh, and by the way, my kids are twenty-one and twenty-four now, so I'm not going to	Why, two are better than one, and two are better than two!	2
Yes, those who may sit at any time or who may despise the judgment if it is pronounced against them,	Yes, the ones who might not be able to make the best decisions.	0
Yes, those who may sit at any time or who may despise the judgment if it is pronounced against them,	Yes, those who are not starving.	1
Yes, those who may sit at any time or who may despise the judgment if it is pronounced against them,	He hates people who have never lost their sense of justice.	2
They have not yet come, they are on their way, they have traveled from the ends of the earth.	They have been involved in mountaineering since 1970.	0
They have not yet come, they are on their way, they have traveled from the ends of the earth.	They enjoy hiking.	1
They have not yet come, they are on their way, they have traveled from the ends of the earth.	They recently completed their mountaineering tour.	2
why do you do aerobics	Can he explain how you do aerobics?	0
why do you do aerobics	Aerobics appealed to me because I had to do something that involved the muscles of the heart.	1
why do you do aerobics	Please stop talking about aerobics.	2
Well, this one's better, but I don't think this one is.	It's a vicious thought that I let go of last week.	2
Well, this one's better, but I don't think this one is.	It was important.	0
Well, this one's better, but I don't think this one is.	It's important that you don't do what you don't want to do.	1
There are two funerals a week, called elders' day, but she goes to the elders' place.	The nursery is open daily only to children under five years of age.	2
There are two funerals a week, called elders' day, but she goes to the elders' place.	In fact, they are released twice a week if the elders agree.	1
There are two funerals a week, called elders' day, but she goes to the elders' place.	They were the poorest of the elderly and were known as the elder's residence.	0
This is their goal oh	That's what you're trying to do.	0
This is their goal oh	They never asked for such a thing.	2
This is their goal oh	They achieved their goal.	1
If you're going to hold a gun, you have to use both hands.	Half of all unused guns are from single-handed use.	1
If you're going to hold a gun, you have to use both hands.	The ideal position for using a firearm is to use two feet.	2
If you're going to hold a gun, you have to use both hands.	If you want to handle a gun well, you need to use both hands.	0
Suddenly a man opened the door - I don't know where he came from - and he opened the door for me.	I don't know where this guy is from, but he's smart.	0
Suddenly a man opened the door - I don't know where he came from - and he opened the door for me.	It comes quickly, and I don't know where it comes from.	1
Suddenly a man opened the door - I don't know where he came from - and he opened the door for me.	The day of the Lord will come like a wolf, and he will not delay.	2
No, to be honest, I don't know him, I don't think	I don't know much about him.	0
No, to be honest, I don't know him, I don't think	I'm an idiot when it comes to love	1
No, to be honest, I don't know him, I don't think	I have been blessing him for many years.	2
Yeah, they're really nice people, you know.	I think he knows he's a thief.	1
Yeah, they're really nice people, you know.	No, he's very happy.	2
Yeah, they're really nice people, you know.	yes, he's a very good man	0
yes, he suggested that you use uh one shoe	She suggested that you buy a vacuum cleaner	2
yes, he suggested that you use uh one shoe	He stretched it out to find a stumbling block	0
yes, he suggested that you use uh one shoe	He wanted to build a boat with earthenware	1
There's no peace in this place, and right now there's gunfire on a tower about three blocks away from us.	The collision happened 100 miles away from me.	2
There's no peace in this place, and right now there's gunfire on a tower about three blocks away from us.	The mob was so close to my house that I was not allowed to leave.	1
There's no peace in this place, and right now there's gunfire on a tower about three blocks away from us.	I've been shot at, and frankly, this is not a safe place.	0
uh-huh the words didn't quite make sense	I don't agree with you, but it makes sense.	2
uh-huh the words didn't quite make sense	I thought it was right because of her intelligence.	1
uh-huh the words didn't quite make sense	You're right, they don't want to hear it.	0
I'm trying to hold on to it	I'm trying to hold on to it	0
I'm trying to hold on to it	I'm doing my own thing	1
I'm trying to hold on to it	I'll forget this and never look back	2
We are stepping up our involvement in technology	We are building the necessary infrastructure to enter the information technology sector	0
We are stepping up our involvement in technology	"How many times have you boasted to yourselves, ""We are out of our mind"", as it were?"	1
We are stepping up our involvement in technology	We don't want to let technology win.	2
For example, at high altitude, the eyebrows will turn purple	At high altitude, only half of the eyeballs will turn purple	2
For example, at high altitude, the eyebrows will turn purple	It is possible for the glands to change color spontaneously	0
For example, at high altitude, the eyebrows will turn purple	Some days people's eyes will turn blue	1
Daniel Yamins was a talented young surfer	M. Yamins stood up in a very shaky voice.	0
Daniel Yamins was a talented young surfer	M. Yamins devoted himself to the study of flint	1
Daniel Yamins was a talented young surfer	M. Yamins's was a great artist but not a great mathematician	2
And if so, why not do so again and again?	I know they never get near the border.	2
And if so, why not do so again and again?	I wonder, do you live in England often?	1
And if so, why not do so again and again?	The speaker wanted to give an account of how often they came close to their goal	0
And I think that there's something about living things on Earth that makes them breed directly because of the fact that they're fighting for survival for an ever-growing generation.	The earth's ecosystem is constantly changing	0
And I think that there's something about living things on Earth that makes them breed directly because of the fact that they're fighting for survival for an ever-growing generation.	Earth's life cycle depends on the presence of fire	1
And I think that there's something about living things on Earth that makes them breed directly because of the fact that they're fighting for survival for an ever-growing generation.	The earth's ecosystems never change	2
Due to this limitation, no mirror can accommodate a lot of information	Rectangular mirrors are heavy-duty keys	2
Due to this limitation, no mirror can accommodate a lot of information	Correct mirrors are bad for your eyesight	0
Due to this limitation, no mirror can accommodate a lot of information	Other keyboards were mounted on wooden panels to record geographical information via light beams	1
Therefore, it is not advisable for adults to teach magic to children who are just starting out, such as performing certain dances and helping them with puzzles and the like.	children who are old enough to walk on their hands and knees are too young to be trusted to play games that are more artistic than those that are more casual	2
Therefore, it is not advisable for adults to teach magic to children who are just starting out, such as performing certain dances and helping them with puzzles and the like.	Children who are old enough to go to kindergarten don't need much help to learn how to do magic	0
Therefore, it is not advisable for adults to teach magic to children who are just starting out, such as performing certain dances and helping them with puzzles and the like.	Children who are about to wear bracelets do not have a sense of place so they can do puzzles without adult help	1
[This nation] was founded on the principle that all men are equal	There are many other scriptures that speak of this.	1
[This nation] was founded on the principle that all men are equal	Some believe that all people are equal	0
[This nation] was founded on the principle that all men are equal	Some people are better than others because of their faith.	2
How much more should I praise him?	I'm pretty sure I'm going to win this chess game	2
How much more should I praise him?	I say this to my conscience: Did they even need to be reminded of this?	0
How much more should I praise him?	How much more should I commend him for his skill at playing the harp?	1
symmetrical connections can be constructed at different lengths	Other distances can be used to construct a lattice for the spin symmetries	0
symmetrical connections can be constructed at different lengths	Spin's sympathies are vital to the counsel that deals with addiction	1
symmetrical connections can be constructed at different lengths	The spin axes cannot be thought of in terms of different lengths	2
(and nervously) no, no, I don't want you to die!	I don't want you to die!	0
(and nervously) no, no, I don't want you to die!	When you die, you don't cry!	2
(and nervously) no, no, I don't want you to die!	How sad I would be if you died!	1
He was publicly hanged on January 19, 1875, in San Jose, California	Public telegraphy in California came to an end in 1875	0
He was publicly hanged on January 19, 1875, in San Jose, California	When they heard this, they let him go. They found no basis for a charge against this man to be brought against Jesus.	2
He was publicly hanged on January 19, 1875, in San Jose, California	He was chained for galloping into battle on a black horse.	1
In the midst of this commotion, the lightning bolts cut through the rocks	The rocks are dark blue and dried up like garbage	2
In the midst of this commotion, the lightning bolts cut through the rocks	But there were some rocks in the sea, and the ship was being tossed aside by the waves.	1
In the midst of this commotion, the lightning bolts cut through the rocks	The rocks are dry and look like they've been washed away	0
A new legal system hoping to escape the turmoil of the 1860' s	In the 1870s, the entire legal system was overwhelming and the city was under democratic rule	2
A new legal system hoping to escape the turmoil of the 1860' s	The 1890's were a turbulent time	0
A new legal system hoping to escape the turmoil of the 1860' s	The new law seeks to extend the labor laws.	1
To him, all greatness comes from the interaction between a child and a representative of his ignorance in a work of art.	Children do not grow up to use reason.	2
To him, all greatness comes from the interaction between a child and a representative of his ignorance in a work of art.	Fishing is a common occupation in many communities.	1
To him, all greatness comes from the interaction between a child and a representative of his ignorance in a work of art.	Speed is essential for the exchange of high-quality ideas.	0
Rezadores or rezadoras, spiritual masters in some villages, who lead the congregation in funeral rites, feasts of saints, and solemnities if the priest is not present.	There was no congregation without high priests.	2
Rezadores or rezadoras, spiritual masters in some villages, who lead the congregation in funeral rites, feasts of saints, and solemnities if the priest is not present.	In some villages there are spiritual men who are not priests.	0
Rezadores or rezadoras, spiritual masters in some villages, who lead the congregation in funeral rites, feasts of saints, and solemnities if the priest is not present.	Some ghosts have black hair	1
In times of great stress, the opportunity to keep things organized will help children to understand the common and uncommon desires, beliefs, and emotions of others.	Children can learn to see similarities and differences between people	0
In times of great stress, the opportunity to keep things organized will help children to understand the common and uncommon desires, beliefs, and emotions of others.	Children will be able to dance to a high pitch that is different for different races.	1
In times of great stress, the opportunity to keep things organized will help children to understand the common and uncommon desires, beliefs, and emotions of others.	Children cannot learn anything.	2
I was the eldest member of the post-war foundation of Dzemeni, which was the most oppressive thing for the Nazi regime.	The Nazi regime allowed this.	2
I was the eldest member of the post-war foundation of Dzemeni, which was the most oppressive thing for the Nazi regime.	All those involved were executed by the Nazi regime.	1
I was the eldest member of the post-war foundation of Dzemeni, which was the most oppressive thing for the Nazi regime.	This was forbidden by the Nazi regime.	0
Sonja began to imitate her daughter's illness	No one's trying to be tough.	2
Sonja began to imitate her daughter's illness	Sonja was just a child.	0
Sonja began to imitate her daughter's illness	Sonja is not happy.	1
6 in the fifty-five years preceding the Civil War, the Confederacy exercised this power with ingenuity	During the ten years before the Civil War, the Confederacy exercised this power.	0
6 in the fifty-five years preceding the Civil War, the Confederacy exercised this power with ingenuity	During the fifty-five years that preceded the civil war, the furnace used this power four times.	1
6 in the fifty-five years preceding the Civil War, the Confederacy exercised this power with ingenuity	At the fifty-five kilometers leading to the city, the flames ignited five million times this power.	2
I confess to you, Lord, that I have been told all these things.	I told you I knew all this.	0
I confess to you, Lord, that I have been told all these things.	I was told the name of the guard.	1
I confess to you, Lord, that I have been told all these things.	There was so much information that was hidden from me.	2
The skirmishes confused General Blood in his tortured dreams.	Captain Blood can think of something that irritates him incessantly.	2
The skirmishes confused General Blood in his tortured dreams.	General Blood's thinking was interrupted by a series of explosions.	0
The skirmishes confused General Blood in his tortured dreams.	The dog's cry roused the army commander from his thinking.	1
But I will never forget that when I was nothing more than a slave to your uncle in Barbados, you disrespected me	You showed me kindness when I was a slave in Barbados.	0
But I will never forget that when I was nothing more than a slave to your uncle in Barbados, you disrespected me	He hath turned against me, he hath laid a stumbling-block for my feet.	2
But I will never forget that when I was nothing more than a slave to your uncle in Barbados, you disrespected me	When I was your uncle, he beat me every day.	1
The land was about three miles [about 10 km] away, and the grasslands were like a wall in the winter.	Gorgeous sculptures appeared on the stage.	0
The land was about three miles [about 10 km] away, and the grasslands were like a wall in the winter.	No one lives on the island where they are being treated.	1
The land was about three miles [about 10 km] away, and the grasslands were like a wall in the winter.	There was no land in sight for miles around, just the house in the distance.	2
I am an envoy of His Majesty the King and a noble relative of Sunderland to this land of surgeons.	His Majesty has envoys, including me.	0
I am an envoy of His Majesty the King and a noble relative of Sunderland to this land of surgeons.	His Majesty sent me here a week ago.	1
I am an envoy of His Majesty the King and a noble relative of Sunderland to this land of surgeons.	I do not receive orders from His Majesty the King.	2
He said, I owe you this, or I think so.	I never thought I'd owe you anything.	2
He said, I owe you this, or I think so.	He owes you for the help you gave him when he was young	1
He said, I owe you this, or I think so.	He thought we were going to give you something.	0
I should have known better to get so close to Jamaica at night.	Traveling and approaching Jamaica after sundown	0
I should have known better to get so close to Jamaica at night.	Sailing on a large ship to Jamaica	1
I should have known better to get so close to Jamaica at night.	My wife and I arrived in Jamaica on a raft.	2
Blood's thoughts turned to this and other matters while on the meridian.	Blood died in an accident during surgery.	2
Blood's thoughts turned to this and other matters while on the meridian.	Blood was still thinking in his sleep.	0
Blood's thoughts turned to this and other matters while on the meridian.	Blood was thinking deeply about the last time he would see his mother.	1
I'm sure I'll tell you.	Well, let me tell you.	0
I'm sure I'll tell you.	I have opened my mouth, and I have become like a mute.	2
I'm sure I'll tell you.	You swore to me that you wouldn't tell anyone.	1
Oh, like this?	Someone asked me where I was going.	0
Oh, like this?	He was alone, and no one dared to speak to him.	2
Oh, like this?	He asks because he is in a hurry and wants to know which way to go.	1
Can I disobey the king's command?	To obey the king's command was contrary to my nature.	1
Can I disobey the king's command?	I thought a lot about the king's order.	0
Can I disobey the king's command?	I signed a letter stating that the Emperor's order would be carried out without delay.	2
He recognized the possibility that he might soon have to retreat.	He realizes that he has all day to return to the past	2
He recognized the possibility that he might soon have to retreat.	He recognized the urgency of the situation.	0
He recognized the possibility that he might soon have to retreat.	If he had stayed with them, they would have rejected him.	1
"Jesus had compassion on the man and said to him, ""Sir, for the third time in your life you did what you could not do""."	It was not pleasant news to him that he had killed so many during those three years.	1
"Jesus had compassion on the man and said to him, ""Sir, for the third time in your life you did what you could not do""."	She spoke enthusiastically about her work and personality.	2
"Jesus had compassion on the man and said to him, ""Sir, for the third time in your life you did what you could not do""."	He spoke with a gentle voice.	0
I thought that was in your best interest.	I'm sure your parents do.	0
I thought that was in your best interest.	I read about your people and your rebellion.	1
I thought that was in your best interest.	I'm sure that is not the case with many of you.	2
and a sharp tongue pierced his cheek.	He had a broad smile on his face.	2
and a sharp tongue pierced his cheek.	He felt a tingling sensation in his stomach.	1
and a sharp tongue pierced his cheek.	He opened his eyes	0
When he looks at her with his eyes full of joy, he sees that no scar has been left on his forehead.	His face changed when he saw his brother.	0
When he looks at her with his eyes full of joy, he sees that no scar has been left on his forehead.	Her face brightened as she embraced her nakedness.	2
When he looks at her with his eyes full of joy, he sees that no scar has been left on his forehead.	He doesn't know if he's being unfair.	1
He slowly approached the wall of the palace and entered through the large gates on the plateau.	The door of the house was locked, and he had climbed up and down the stairs.	2
He slowly approached the wall of the palace and entered through the large gates on the plateau.	"""Enter a good house through a large door."	1
He slowly approached the wall of the palace and entered through the large gates on the plateau.	"""Enter through the narrow gate, because the gate is wide."	0
"He got angry and said, ""I knew you'd know."	He was expecting them to throw stones at him.	0
"He got angry and said, ""I knew you'd know."	He was an army officer who had caught a thief	1
"He got angry and said, ""I knew you'd know."	He then asked Paul to leave the city and return to the Sanhedrin, saying,	2
Honestly, how could I lose them while we're still celebrating?	I couldn't bring myself to put them in jail	0
Honestly, how could I lose them while we're still celebrating?	I saw that my hand was broken as soon as I saw them	2
Honestly, how could I lose them while we're still celebrating?	I'll never forgive myself if I imprison them.	1
I know this year.	I've been with you for years, and he doesn't know it yet.	1
I know this year.	I've been in this situation for about a week.	2
I know this year.	I chased him to the end	0
Not all of the books and manuscripts in the archive have been preserved.	But the governor refused to be put on the list of those who were hired.	1
Not all of the books and manuscripts in the archive have been preserved.	Advertising posters do not appeal to the viewer	0
Not all of the books and manuscripts in the archive have been preserved.	The main thing you will find in the bookcase is the passports	2
The open market is a great place to shop in Beijing.	There are many shopping malls in Beijing with beautiful shops	0
The open market is a great place to shop in Beijing.	The hands that perform in public places in Beijing are the best in the world	1
The open market is a great place to shop in Beijing.	Beijing has imposed strict restrictions on such public places in the city center	2
The large sea in the northwest corner is a large harbor with a risk of pollution.	The water and the beach are sacred every day	2
The large sea in the northwest corner is a large harbor with a risk of pollution.	Water and beaches may be polluted	0
The large sea in the northwest corner is a large harbor with a risk of pollution.	The water is polluted by contaminants	1
Those towers were bank buildings, and the street where they are located has become known as la Milla de Oro, or Golden Mile	The high-rises of the Golden Mile: no debt, no bank	2
Those towers were bank buildings, and the street where they are located has become known as la Milla de Oro, or Golden Mile	The nursing homes on the Golden Mile were banks	0
Those towers were bank buildings, and the street where they are located has become known as la Milla de Oro, or Golden Mile	The Golden Mile maternity wards are various types of institutions, including banks	1
Apparently, before entering World War I, the Allies began to develop the safer airspace of Canada in preparation for war.	Canada's weather was safer	0
Apparently, before entering World War I, the Allies began to develop the safer airspace of Canada in preparation for war.	There was nothing in the Canadian air	1
Apparently, before entering World War I, the Allies began to develop the safer airspace of Canada in preparation for war.	Canada's ski resorts are spectacular	2
Knowing that their beautiful coastline no longer belongs to them, they are reluctant to let it go, and they continue to work diligently.	Only Heliheli and Amatsikera are shown in this one. Now they know that people will spend the night on their beach with them.	2
Knowing that their beautiful coastline no longer belongs to them, they are reluctant to let it go, and they continue to work diligently.	They have to cross the river with others now.	0
Knowing that their beautiful coastline no longer belongs to them, they are reluctant to let it go, and they continue to work diligently.	In the past, the distance from shore to shore was about a thousand miles [500 km].	1
In 1279 Kublai Khan built his capital on the edge of the Beihai Plain in Beijing, where some of his royal treasures still stand today	Kubilai Khan established a capital in Taiwan	2
In 1279 Kublai Khan built his capital on the edge of the Beihai Plain in Beijing, where some of his royal treasures still stand today	Some of the treasures of Kublai Khan in Beijing	0
In 1279 Kublai Khan built his capital on the edge of the Beihai Plain in Beijing, where some of his royal treasures still stand today	Kublai Khan was a gentleman	1
Because of the ease with which they were assimilating into the church, Protestant schools were the only ones that allowed monks from Eastern Europe to graduate from Westmount or to re-enter Toronto.	Eastern Europeans will be united with everyone else	2
Because of the ease with which they were assimilating into the church, Protestant schools were the only ones that allowed monks from Eastern Europe to graduate from Westmount or to re-enter Toronto.	the town doesn't like the backward ones	1
Because of the ease with which they were assimilating into the church, Protestant schools were the only ones that allowed monks from Eastern Europe to graduate from Westmount or to re-enter Toronto.	The Yucatec people are easy to get along with.	0
If you can, get to the fort first.	Do not rush through a difficult lesson, or it will be easy for you to understand.	2
If you can, get to the fort first.	Try to understand the plan in advance if possible	0
If you can, get to the fort first.	The lesson will be easier for you if you understand the difficulty of the letter	1
His tomb, 27 meters (88 feet) below the ground, is of flat stone and extends over an area of about 200 m2 (13,000 square feet)	Her tomb is more than 65 feet [20 m] deep	0
His tomb, 27 meters (88 feet) below the ground, is of flat stone and extends over an area of about 200 m2 (13,000 square feet)	He was a great humanitarian.	1
His tomb, 27 meters (88 feet) below the ground, is of flat stone and extends over an area of about 200 m2 (13,000 square feet)	The sepulchre was covered with stones, and the tomb was sealed.	2
Remember to store your valuables in a safe.	Hide your valuables if you have to.	0
Remember to store your valuables in a safe.	The rich are demanding more, and so are your possessions.	1
Remember to store your valuables in a safe.	You don't need to hide the wisdom in your closet	2
1,400 years before the construction of the Estei Palace, Milreu also had a large farmhouse owned by a blacksmith	Maintain a distance of about 10 miles from objects	1
1,400 years before the construction of the Estei Palace, Milreu also had a large farmhouse owned by a blacksmith	Milreu lived in a farming community	0
1,400 years before the construction of the Estei Palace, Milreu also had a large farmhouse owned by a blacksmith	Milreu lived in the center of the city	2
Water temperature between 18 and 24 °C (64 and 75 °F)	The temperature of the oceans fluctuates daily but it never drops below the gold standard	0
Water temperature between 18 and 24 °C (64 and 75 °F)	The temperature of the oceans is uniform throughout the ocean	2
Water temperature between 18 and 24 °C (64 and 75 °F)	Look at the flies flying in the day if the flies are flying	1
The Kinabalu rhinoceros is one of the six species of rhinoceros that are protected by law	Ten elephants and a rhinoceros roar in the Kinabalu forest	1
The Kinabalu rhinoceros is one of the six species of rhinoceros that are protected by law	The government has areas it defends, including Kinabalu National Park	0
The Kinabalu rhinoceros is one of the six species of rhinoceros that are protected by law	There are three areas covered by the government	2
You will see an animation about Anne and Amsterdam at the time of the city's capture and photos and artifacts from that sunset	You won't see any pictures.	2
You will see an animation about Anne and Amsterdam at the time of the city's capture and photos and artifacts from that sunset	You will see pictures.	0
You will see an animation about Anne and Amsterdam at the time of the city's capture and photos and artifacts from that sunset	You'll see some of the original photographs.	1
Treasure Beach is like a hotel complex, with some hotels scattered along three beaches	There are no hotels available for those visiting Treasure Beach	0
Treasure Beach is like a hotel complex, with some hotels scattered along three beaches	There is a popular hotel for sightseeing; see the tourists who come to Teasure Beach	1
Treasure Beach is like a hotel complex, with some hotels scattered along three beaches	Teasure Beach is one of the many small beach towns in the area	2
In the coming century, the world will become clearer (without warming) and rising sea temperatures will make swimming, scuba diving and other water activities more enjoyable	On average, the volcano rises more than 100 times	2
In the coming century, the world will become clearer (without warming) and rising sea temperatures will make swimming, scuba diving and other water activities more enjoyable	Its birth rate is 75 in a month	1
In the coming century, the world will become clearer (without warming) and rising sea temperatures will make swimming, scuba diving and other water activities more enjoyable	A fire in a barn	0
In those days there was a marketplace where merchants threw coins into the sea in the hope of receiving a good fortune.	People don't put money into it because it's bad luck.	2
In those days there was a marketplace where merchants threw coins into the sea in the hope of receiving a good fortune.	"The Jews brought him a denarius, as it was written: ""You shall not steal from the rich""."	1
In those days there was a marketplace where merchants threw coins into the sea in the hope of receiving a good fortune.	People threw money into it.	0
The port city of Nauplia is a great place to explore the city or find another place to eat during a tour	The view is clear from Nauplia.	1
The port city of Nauplia is a great place to explore the city or find another place to eat during a tour	Nafplio is not a good idea	2
The port city of Nauplia is a great place to explore the city or find another place to eat during a tour	Nafplio was a cotton farmer	0
On the Prinsengracht, Frank and his family hid in the basement of their farmhouse for two days before they were found	Otto Frank was arrested on the second day	2
On the Prinsengracht, Frank and his family hid in the basement of their farmhouse for two days before they were found	Otto Franck spent more than 25 months in hiding	0
On the Prinsengracht, Frank and his family hid in the basement of their farmhouse for two days before they were found	Otto Franck hid until he was discovered by the Nazis	1
Many provincial governments and cities have implemented curfews	Provincial governments may establish their own laws	1
Many provincial governments and cities have implemented curfews	Local governments do not have a clear vision	2
Many provincial governments and cities have implemented curfews	There is a strong desire for additional funding from provincial governments	0
The security clearinghouse made 8 and 12 inspections each month	The security agency makes 9 visits a month	1
The security clearinghouse made 8 and 12 inspections each month	The security team meets every day of the month	2
The security clearinghouse made 8 and 12 inspections each month	The Security Council holds a number of meetings each year	0
The craftsmanship of the bride fulfilled the promise	Engineering at an early stage	0
The craftsmanship of the bride fulfilled the promise	It's only in the end that art has come to fruition	2
The craftsmanship of the bride fulfilled the promise	The industry loses if the initial research is not promising	1
Politicians and government leaders have come up with new ideas on how to meet the demands of the rivers through new media	Government officials changed their minds	0
Politicians and government leaders have come up with new ideas on how to meet the demands of the rivers through new media	Government representatives have empowered themselves through various arguments	1
Politicians and government leaders have come up with new ideas on how to meet the demands of the rivers through new media	Government officials refused to change their lifestyle	2
There is a need for translation for customers who hear languages other than English	Only English-language applications are allowed	2
There is a need for translation for customers who hear languages other than English	The characters can be written in Chinese or Russian	1
There is a need for translation for customers who hear languages other than English	Templates can be translated into other languages	0
Other commitments or obligations	Your hard work has paid off.	1
Other commitments or obligations	You didn't answer the next question.	2
Other commitments or obligations	You've already made a decision.	0
Items such as temporary technology removal and protection of critical infrastructure	They built IBM hardware	1
Items such as temporary technology removal and protection of critical infrastructure	Building the technology's natural components	0
Items such as temporary technology removal and protection of critical infrastructure	The whole creation has been misled	2
Then the man with the pledge would call the seller and settle the matter with him.	A representative made a one-hour tour	1
Then the man with the pledge would call the seller and settle the matter with him.	A representative came to see the animals	0
Then the man with the pledge would call the seller and settle the matter with him.	You never greeted anyone.	2
Banking and wealth are intertwined	Procrastination led to the loss of wealth	0
Banking and wealth are intertwined	Wealth and finances are incompatible	2
Banking and wealth are intertwined	The rich put their wealth into the temple treasury	1
For example, one of the groups you studied was merged with another company to meet business needs.	There is no need to replace the managers even if the company is dissolved	2
For example, one of the groups you studied was merged with another company to meet business needs.	The transfer of two companies was accompanied by a change in working conditions	1
For example, one of the groups you studied was merged with another company to meet business needs.	You're harvesting a field that's been cut in half and turned into new fields.	0
Since you are so anxious for this gift, you have been waiting patiently for it to be given to you.	Do you know how long it will take to pay off the debt?	2
Since you are so anxious for this gift, you have been waiting patiently for it to be given to you.	Do you not think that by paying taxes you will reap what you sow and that by sowing you will reap what you sow?	0
Since you are so anxious for this gift, you have been waiting patiently for it to be given to you.	You think they'll pay you back and steal from you.	1
Artificial intelligence in these institutions is not just a tool but a citizen	Design is an important skill that companies have developed	1
Artificial intelligence in these institutions is not just a tool but a citizen	Art is not just a tool, it's a tool	2
Artificial intelligence in these institutions is not just a tool but a citizen	These institutions have created a high value for artistic knowledge	0
The two concepts that arise in the writing of pure language can give rise to the following alternative analysis	Writing in plain language can change the way you look at things	1
The two concepts that arise in the writing of pure language can give rise to the following alternative analysis	Writing a plain language can change the following research	0
The two concepts that arise in the writing of pure language can give rise to the following alternative analysis	There's nothing you can do to change the outcome.	2
The fragments in the box reveal all the workmanship and the fragments in the stonework reveal the lost parts of the craft.	The walls of the cabinets show the 10 percent success rate of your employees	1
The fragments in the box reveal all the workmanship and the fragments in the stonework reveal the lost parts of the craft.	Roads mean nothing more than roads.	2
The fragments in the box reveal all the workmanship and the fragments in the stonework reveal the lost parts of the craft.	The flowers show the skill of your workers	0
Centerlink has developed a number of risk-based systems so that users can provide information about their assets to third parties	Centerlink doesn't know how to fix the problem	2
Centerlink has developed a number of risk-based systems so that users can provide information about their assets to third parties	Centerlink has developed a number of strategies to help people keep their financial information private because this has cost the government a lot of money	1
Centerlink has developed a number of risk-based systems so that users can provide information about their assets to third parties	Centerlink offers many ways to teach children how to manage their finances	0
This enables demonstrations to help companies reduce initial costs for equipment purchases	Then you can specify how the order works.	0
This enables demonstrations to help companies reduce initial costs for equipment purchases	The company could be persuaded that it was wrong to build new factories	1
This enables demonstrations to help companies reduce initial costs for equipment purchases	No suggestion has been made about the influence of money	2
West Carolina's efforts resulted in a victory last year	There are no elections in western Carolina	2
West Carolina's efforts resulted in a victory last year	SC dispatched to town	0
West Carolina's efforts resulted in a victory last year	Republican and Democratic candidates ran for office in western Carolina	1
In the case of a corporation, they did not send certificates to the head of the Small Business Administration.	Certificates are issued by the board to the SBA and are not deposited in the office of the administrator	1
In the case of a corporation, they did not send certificates to the head of the Small Business Administration.	The board did not issue certificates to the SBA	0
In the case of a corporation, they did not send certificates to the head of the Small Business Administration.	The council distributes SBA certificates to all applicants	2
It's better to be prepared for the cost of the trip if you're like everyone else	Residents of the hotel preferred to pay by check	1
It's better to be prepared for the cost of the trip if you're like everyone else	Travel expenses were covered by hotel expenses	0
It's better to be prepared for the cost of the trip if you're like everyone else	There's no way they'd have known the trip was coming.	2
For example, you visited a city that had 600 garbage dumps.	Large cities are prime locations for construction companies	1
For example, you visited a city that had 600 garbage dumps.	A large city has a ton of parking lots	0
For example, you visited a city that had 600 garbage dumps.	Construction companies withdrew from the project due to legal issues	2
How can anyone be made perfect unless he is zealous for what is good?	It can be perfect if you have a lot of money	2
How can anyone be made perfect unless he is zealous for what is good?	It can never be perfect	0
How can anyone be made perfect unless he is zealous for what is good?	Be perfect, for you are all imperfect.	1
The tenant of Hazmi and Mihdhar's apartment in 2000 was a law-abiding citizen who had established good relations with the FBI and the police	Hazmi and Mihdhar bought a house and have no contact with anyone	2
The tenant of Hazmi and Mihdhar's apartment in 2000 was a law-abiding citizen who had established good relations with the FBI and the police	Hazmi and Mihdhar rent a house for the whole year for $500 a day	1
The tenant of Hazmi and Mihdhar's apartment in 2000 was a law-abiding citizen who had established good relations with the FBI and the police	Hazmi and Mihdhar rent a house	0
For their trip to Bosnia, see an interview with a Saudi Al Qaeda operative in autumn 2001	An al Qaeda operative traveled to Bosnia 18 times in 2001	1
For their trip to Bosnia, see an interview with a Saudi Al Qaeda operative in autumn 2001	A former al Qaeda operative went to Bosnia	0
For their trip to Bosnia, see an interview with a Saudi Al Qaeda operative in autumn 2001	There is no evidence that anyone from al Qaeda went to Bosnia	2
Jane asked the New York agent in charge of Mihdhar's search to sign a contract after hearing about the FISA filing.	Jane asked the county magistrate to sign a FISA warrant	1
Jane asked the New York agent in charge of Mihdhar's search to sign a contract after hearing about the FISA filing.	Jane asked to sign a FISA response form	0
Jane asked the New York agent in charge of Mihdhar's search to sign a contract after hearing about the FISA filing.	Jane said that FISA doesn't require a simple answer	2
They didn't say anything about security at the checkpoint	There was little evidence of a raid at the checkpoint	2
They didn't say anything about security at the checkpoint	Numbers at checkpoints under surveillance by detectives	1
They didn't say anything about security at the checkpoint	Checkpoint could not find any evidence against them	0
Khallad said something else, the three of them travelled to Karachi	Khallad said he didn't know about the three of them	2
Khallad said something else, the three of them travelled to Karachi	Khallad suggested that perhaps the three of them traveled to the city	0
Khallad said something else, the three of them travelled to Karachi	Khallad says there is a 50% chance that the three of them went to Karachi in autumn	1
Research paper, Binalshibh interview, for the first quarter of 2002	Binalshib was questioned by an FBI task force	1
Research paper, Binalshibh interview, for the first quarter of 2002	Binalshib was interviewed in mid-2002	0
Research paper, Binalshibh interview, for the first quarter of 2002	Binalbish had never been beaten and was thought to be	2
Mihdhar received an American visa two days after the CIA-FBI meeting.	Mihdhar needed a visa to come to america	0
Mihdhar received an American visa two days after the CIA-FBI meeting.	Mihdhar never got a visa so he never came to visit you	2
Mihdhar received an American visa two days after the CIA-FBI meeting.	Mihdhar got a visa because he is not a terrorist.	1
After two years of investigation, the FBI was unable to identify an accomplice	The FBI was unable to locate the man when he left Florida in 2001	1
After two years of investigation, the FBI was unable to identify an accomplice	The FBI was unable to identify them	0
After two years of investigation, the FBI was unable to identify an accomplice	The FBI was unable to locate the suspect.	2
In the case of the 11th American, the plane's last communication occurred at 08h13	The plans were carried out by american11lia	0
In the case of the 11th American, the plane's last communication occurred at 08h13	Conversations from american11lia every five minutes	1
In the case of the 11th American, the plane's last communication occurred at 08h13	there has never been any dialogue between the american 11th	2
His discovery would have been difficult to salvage if he had needed help from the German government	If the investigation is successful, the whereabouts of the three fugitives will be revealed.	1
His discovery would have been difficult to salvage if he had needed help from the German government	The German government could have problems investigating the case	0
His discovery would have been difficult to salvage if he had needed help from the German government	Investigation can be costly for the government	2
Its edges are small, but few of them have been modified	They didn't change their decision.	1
Its edges are small, but few of them have been modified	Little has been done to change the situation	0
Its edges are small, but few of them have been modified	They worked hard to prepare everything.	2
The researcher's table shows that he has broken many knowledge barriers and rules in the sharing of knowledge as well as the law that guides knowledgeable activists through research pathways.	The researcher's findings are clear	2
The researcher's table shows that he has broken many knowledge barriers and rules in the sharing of knowledge as well as the law that guides knowledgeable activists through research pathways.	The researcher is unclear about a few things	0
The researcher's table shows that he has broken many knowledge barriers and rules in the sharing of knowledge as well as the law that guides knowledgeable activists through research pathways.	The researcher's handwriting was so bad that no one could read it	1
Military officers escorting people out of the barracks; others on the platform and at the metro station	Then the magistrates agreed to throw them into prison,	0
Military officers escorting people out of the barracks; others on the platform and at the metro station	Officers only went where they were needed for restraint	2
Military officers escorting people out of the barracks; others on the platform and at the metro station	Because of their oaths, the officers of the Roman guard	1
On the 9th of November, a tragic news came from Afghanistan,	You have received news from Afghanistan	0
On the 9th of November, a tragic news came from Afghanistan,	You haven't heard of Afghanistan until autumn	2
On the 9th of November, a tragic news came from Afghanistan,	You have been warned about the 9th attack of the locust	1
The World Trade Center, the Pentagon, Somerest, and Pennsylvania towers were barred from communication	Good communication at 11 o'clock	2
The World Trade Center, the Pentagon, Somerest, and Pennsylvania towers were barred from communication	People couldn't communicate with the World Trade Center because the radio was down and the phone lines were down.	1
The World Trade Center, the Pentagon, Somerest, and Pennsylvania towers were barred from communication	Communication with the World Trade Center was difficult	0
Web searches can reveal a driver's license and its number as well as a phone number	The researchers also requested access to Internet sites	1
Web searches can reveal a driver's license and its number as well as a phone number	There's a lot of news on social media sites.	0
Web searches can reveal a driver's license and its number as well as a phone number	There is no way to verify the provenance of the sources	2
The manager reprimanded Hazmi and Mihdhar for being suspicious but this did not come true and promised to accept their help	He called the elders once more and refused to help him in this matter.	2
The manager reprimanded Hazmi and Mihdhar for being suspicious but this did not come true and promised to accept their help	Despite doubts, the overseer offered help	0
The manager reprimanded Hazmi and Mihdhar for being suspicious but this did not come true and promised to accept their help	The donation made it possible for them to obtain traveling equipment	1
These calls were discontinued in 2003, and the threat now covers one call room, 315.	All the horror-related stuff has become important to you.	1
These calls were discontinued in 2003, and the threat now covers one call room, 315.	All questions related to terrorism received the same score	0
These calls were discontinued in 2003, and the threat now covers one call room, 315.	The solution to any conflict will be its own	2
The officer who witnessed the collapse informed the ESU personnel in the northern evacuation room	There was no one in the north chamber of the south porch.	2
The officer who witnessed the collapse informed the ESU personnel in the northern evacuation room	The south tower collapsed 30 minutes before the commander spoke with ESU personnel in the north tower	1
The officer who witnessed the collapse informed the ESU personnel in the northern evacuation room	The centurion observed the entrance to the southern chamber	0
Indianapolis is a great place for comedians to work	Indianapolis is popular with actors for its many casting studios	1
Indianapolis is a great place for comedians to work	As a gamer, you're a bus driver in Indianapolis.	0
Indianapolis is a great place for comedians to work	It's hard to find a job in Indianapolis if you're in the film and theater industry, because it's an artistic city.	2
Support is available by phone 24 hours a day, 7 days a day through the Information Centre for Children with Disabilities and the Parent Support Line	You can only be contacted by e-mail or postcard	2
Support is available by phone 24 hours a day, 7 days a day through the Information Centre for Children with Disabilities and the Parent Support Line	We can be contacted by phone 24 hours a day	0
Support is available by phone 24 hours a day, 7 days a day through the Information Centre for Children with Disabilities and the Parent Support Line	You receive hundreds of calls on Thursdays and Fridays	1
Because these boxes will remain in their containers for a long time when other gifts are opened.	The boxes contained dangerous items	1
Because these boxes will remain in their containers for a long time when other gifts are opened.	This is the first of many new covenants.	2
Because these boxes will remain in their containers for a long time when other gifts are opened.	These boxes will be closed for a while	0
You will be repaid in full by those outside the church, who will join you in your hard work?	You need everyone in your audience to make a $25 donation so that you can reduce the tickets.	1
You will be repaid in full by those outside the church, who will join you in your hard work?	You can shake your hand whenever you want, but the Lord wants his rest	2
You will be repaid in full by those outside the church, who will join you in your hard work?	It is better, therefore, to give than to receive.	0
00 for warnings, empowerment and interaction with 400 children in the Indianapolis area	Through donations you can invite Beyonce to join the band with the Indianapolis Colts	1
00 for warnings, empowerment and interaction with 400 children in the Indianapolis area	You want to celebrate Nöel for the children but you can't do anything with them	2
00 for warnings, empowerment and interaction with 400 children in the Indianapolis area	You could have helped a lot of Indianapolis people.	0
For the first time, attendees can donate $1000 to Chacelors' Circle or $500 to Chancellor's Associates	Self-employed attendees are eligible for a $50 donation	2
For the first time, attendees can donate $1000 to Chacelors' Circle or $500 to Chancellor's Associates	People can participate if they make a large donation	0
For the first time, attendees can donate $1000 to Chacelors' Circle or $500 to Chancellor's Associates	The Chacellors Associates awards are popular	1
You have the power to give us more opportunities at the end of the day	If you make a donation of $1000 you are guaranteed to be able to participate in the fundraising opportunities	1
You have the power to give us more opportunities at the end of the day	Woe to you, because in your sleep some will say to you, 'Do not give money to the poor.'	2
You have the power to give us more opportunities at the end of the day	You can receive a discount on your donation	0
As you know, the members of this group are friends and seniors who donate $1000 a year to the law school.	This group bought some and donated $100,000 to the school.	1
As you know, the members of this group are friends and seniors who donate $1000 a year to the law school.	Some people in this group made a $1,000 donation to law school.	0
As you know, the members of this group are friends and seniors who donate $1000 a year to the law school.	You want to ask this group to donate money to the school but you haven't said it yet	2
As a 50-year-old, one of my goals was to go to the theater	I didn't like going to the theater as a child, so I became a scientist	2
As a 50-year-old, one of my goals was to go to the theater	As a child, I loved going to the theater	0
As a 50-year-old, one of my goals was to go to the theater	My favorite play at the Civic Theatre was La Belle et la B̂ete	1
If this person receives this ring for $18	Whoever receives this gift must not repay it, for it is a form of robbery.	2
If this person receives this ring for $18	If you donate $18, you get a gift.	1
If this person receives this ring for $18	We expect that each person we send a letter to donate $18	0
Just go to the bottom, select the appropriate one, make the necessary adjustments to your address and send it through the mail bag.	Please do not make any changes to your address.	2
Just go to the bottom, select the appropriate one, make the necessary adjustments to your address and send it through the mail bag.	You: put your address in your briefcase.	1
Just go to the bottom, select the appropriate one, make the necessary adjustments to your address and send it through the mail bag.	You are free to change your address if you wish.	0
The doctor's family needs your help to make progress and to defend his teaching thoroughly.	Donate a hundred million dollars to the nursing school if you're going to miss their memorial.	1
The doctor's family needs your help to make progress and to defend his teaching thoroughly.	The nursing school successfully achieved its goals and no longer needed any financial support.	2
The doctor's family needs your help to make progress and to defend his teaching thoroughly.	You are expected to make a generous donation to the nursing school.	0
Eighty percent of those who would be my audience would indicate that they have considerable experience in solving problems.	A team of observers will demonstrate that they have the ability to solve complex problems.	0
Eighty percent of those who would be my audience would indicate that they have considerable experience in solving problems.	Of the four groups of observers, only one showed the ability to solve problems.	2
Eighty percent of those who would be my audience would indicate that they have considerable experience in solving problems.	More than a hundred spectators attended.	1
See to it, then, that your prosperity does not come to nothing.	It would be sad if you did not help.	0
See to it, then, that your prosperity does not come to nothing.	The death certificates of your valueless elders have appeared in the newspapers, so I don't think you deserve to be so humiliated.	1
See to it, then, that your prosperity does not come to nothing.	Give what you have, and it will be given to you in full.	2
A computer and a social network are tools that allow someone to participate in your training.	In the wilderness, the people did not lack anything.	2
A computer and a social network are tools that allow someone to participate in your training.	To access the course, one must have a computer and an internet connection.	0
A computer and a social network are tools that allow someone to participate in your training.	Visitors should bring their personal computer and Internet connection with them when entering the facility for inspection.	1
Selling tickets and doing chores will not solve your financial problems for the weekend.	Only by selling tickets will you be able to meet the cost of the trip.	2
Selling tickets and doing chores will not solve your financial problems for the weekend.	You need more money to meet the needs of the party than you can earn from ticket sales and errands.	0
Selling tickets and doing chores will not solve your financial problems for the weekend.	Ticket sales and bookings will increase your expenses by seventy percent for the entire season.	1
Woe to that man! For his wisdom is from above, and his understanding from beneath.	Each incident was recorded and reported in the local newspaper.	1
Woe to that man! For his wisdom is from above, and his understanding from beneath.	Every gift is precious.	0
Woe to that man! For his wisdom is from above, and his understanding from beneath.	Gifts over a hundred dollars are special.	2
The way forward is to reach your goal of $365,000 from you to friends and co-workers.	You need more than $300,000.	0
The way forward is to reach your goal of $365,000 from you to friends and co-workers.	I'm going to triple my income.	1
The way forward is to reach your goal of $365,000 from you to friends and co-workers.	There is no one way to make money.	2
Your private clinic that deals with real civil cases has been operating for decades and I have not added a criminal defense attorney to it.	Your private, community-oriented clinic has been in operation for eight years.	1
Your private clinic that deals with real civil cases has been operating for decades and I have not added a criminal defense attorney to it.	Our private clinic will be celebrating the first anniversary of the strike next month.	2
Your private clinic that deals with real civil cases has been operating for decades and I have not added a criminal defense attorney to it.	The law on civil service has been in force for a year.	0
Tickets for the program were not enough.	It seemed to me that ticket sales were not enough to pay for the arrangements.	0
Tickets for the program were not enough.	The money spent on the programs is too sacred.	1
Tickets for the program were not enough.	The money from the ticket sales would be enough to pay for the arrangements.	2
Omnia Vincit amor (just because you work for the Weekly Standard): Brit Hume (creator of Fox News Sunday) wonders why Lewinsky can't. She still loves the president.	Brit Hume is an executive producer at Fox.	1
Omnia Vincit amor (just because you work for the Weekly Standard): Brit Hume (creator of Fox News Sunday) wonders why Lewinsky can't. She still loves the president.	Brit Hume works for CNN.	2
Omnia Vincit amor (just because you work for the Weekly Standard): Brit Hume (creator of Fox News Sunday) wonders why Lewinsky can't. She still loves the president.	Brit Hume works for Fox.	0
Much has been done to help Michael Apted adapt to life in subsequent films.	Michael Apted ruined the whole thing by cutting out the sarcasm and the sympathy.	2
Much has been done to help Michael Apted adapt to life in subsequent films.	Michael Apted was invited to attend a special event.	0
Much has been done to help Michael Apted adapt to life in subsequent films.	They found the episodes to be cold and uninspiring, for which reason Michael Apted was hired to make special edits.	1
Look at this young woman in the park, all decked out in a fur coat and a pair of blue jeans.	A young woman wears a coat that allows her to snowboard.	1
Look at this young woman in the park, all decked out in a fur coat and a pair of blue jeans.	A young woman was dressed in a purple robe.	0
Look at this young woman in the park, all decked out in a fur coat and a pair of blue jeans.	A young woman was there, dressed in purple.	2
Exactly how Kaufman faked his own death is not explicitly stated in the film.	I don't see Kaufman talking about his own death.	0
Exactly how Kaufman faked his own death is not explicitly stated in the film.	Kaufman is interviewed in the film to talk about his own death.	2
Exactly how Kaufman faked his own death is not explicitly stated in the film.	The film was heavily budgeted and did not include Kaufman's lead roles.	1
Rockefeller was shocked to discover that Avenging Angel Tarbell had started tattooing him in McClure's office.	Rockefeller began research on cancer.	1
Rockefeller was shocked to discover that Avenging Angel Tarbell had started tattooing him in McClure's office.	Rockefeller was a generous man.	0
Rockefeller was shocked to discover that Avenging Angel Tarbell had started tattooing him in McClure's office.	Rockefeller was a shrewd man.	2
Soon, Klayman was accused of fraud in a New York business deal.	In California, Klayman was charged with trespassing.	2
Soon, Klayman was accused of fraud in a New York business deal.	Klayman does not expect to be convicted of a felony.	1
Soon, Klayman was accused of fraud in a New York business deal.	Klayman was charged with assault.	0
No one would have imagined that a room full of executives would be occupied by the secretary of labor of the United States.	Employers wear t-shirts.	1
No one would have imagined that a room full of executives would be occupied by the secretary of labor of the United States.	It is clear that corporate executives need to start investing.	2
No one would have imagined that a room full of executives would be occupied by the secretary of labor of the United States.	It is clear that corporate executives need to start investing.	0
There is no benefit to man in this matter.	Athletes are born with a natural talent that is later revealed.	2
There is no benefit to man in this matter.	Physical exercise is more than a natural ability.	0
There is no benefit to man in this matter.	Most gymnasts train their bodies for at least eight hours each week.	1
When I got home, it was announced that the United States had withdrawn aid in two ways.	I am interested in politics.	1
When I got home, it was announced that the United States had withdrawn aid in two ways.	I heard about America.	0
When I got home, it was announced that the United States had withdrawn aid in two ways.	It was determined that the United States would reduce its contributions in two ways.	2
The world's largest and oldest university newspaper...Oxford...reports that his poetry thesis has been rejected	The Oxford school of poetry is not new.	0
The world's largest and oldest university newspaper...Oxford...reports that his poetry thesis has been rejected	The prestigious university did not have the funds to renew his license.	1
The world's largest and oldest university newspaper...Oxford...reports that his poetry thesis has been rejected	The university was entrusted with controlling the licenses and promised not to revoke them.	2
A gift of comfort is available to mankind.	This gift of consolation was a superlative miracle.	1
A gift of comfort is available to mankind.	There is no benefit to man in this matter.	2
A gift of comfort is available to mankind.	It was not bad news for mankind.	0
Gambling on such sites is not limited to sports activities.	The site also promotes gambling through political and electoral campaigns.	1
Gambling on such sites is not limited to sports activities.	Sports betting on these sites is strictly prohibited.	2
Gambling on such sites is not limited to sports activities.	These sites are advanced in many ways.	0
N.J. Johnson, 56, angrily announced in a three-part speech that he would not run for president at the Democratic convention in Atlantic City on August 25.	Johnson felt that he had lost the support of others	1
N.J. Johnson, 56, angrily announced in a three-part speech that he would not run for president at the Democratic convention in Atlantic City on August 25.	Johnson never imagined that he would be late.	2
N.J. Johnson, 56, angrily announced in a three-part speech that he would not run for president at the Democratic convention in Atlantic City on August 25.	Johnson resented the delay.	0
Lamar Alexander resigned from his position as vice president.	Aside from that, at least one person has never tried to become president.	0
Lamar Alexander resigned from his position as vice president.	Lamar Alexander refused to withdraw from the presidential race.	2
Lamar Alexander resigned from his position as vice president.	Mr. Alexander was forced to suspend the contest because his indecent photographs were circulated.	1
In addition to his past scandals, he also violated human dignity, notably by using the FBI in a case that came to be known as Filgate.	The FBI has been used by the U.S. government to spy on all presidential candidates.	1
In addition to his past scandals, he also violated human dignity, notably by using the FBI in a case that came to be known as Filgate.	The FBI was abused by the U.S. government.	0
In addition to his past scandals, he also violated human dignity, notably by using the FBI in a case that came to be known as Filgate.	The FBI was used by the U.S. government in a responsible way.	2
Tung promised to crack down on those raising housing prices, but people thought it would be a sham.	Tung is not interested in those who raise the price of houses.	2
Tung promised to crack down on those raising housing prices, but people thought it would be a sham.	Tung noticed that those who were raising the price of houses were violating the law.	1
Tung promised to crack down on those raising housing prices, but people thought it would be a sham.	Tung's goal is to control those who are raising house prices.	0
or dishonest letters written by men who are deceitful.	Ten people lost their luggage.	1
or dishonest letters written by men who are deceitful.	People complained about the dishes.	0
or dishonest letters written by men who are deceitful.	The complaints made by the people regarding their other obligations were not recorded.	2
Human rights activist Lawrence Singleton, who is serving only eight years in prison, stabbed another woman in Florida after she had her arm amputated.	When he attacked them, he tied his arms around them and hid them in the wilderness.	1
Human rights activist Lawrence Singleton, who is serving only eight years in prison, stabbed another woman in Florida after she had her arm amputated.	Everyone felt that his imprisonment had changed his life.	2
Human rights activist Lawrence Singleton, who is serving only eight years in prison, stabbed another woman in Florida after she had her arm amputated.	Mr. Singleton is a convicted sex offender in Florida.	0
According to Charles Lane, a reporter for the New Republic, the indictment is an increasingly personal matter according to Gabriel Garcia Marquez.	Charles Lane was a journalist.	0
According to Charles Lane, a reporter for the New Republic, the indictment is an increasingly personal matter according to Gabriel Garcia Marquez.	Charles Lane was a car salesman.	2
According to Charles Lane, a reporter for the New Republic, the indictment is an increasingly personal matter according to Gabriel Garcia Marquez.	Charles Lane made a fortune from this affair.	1
One law enforcement agency is not an agency that can deal with these issues in Washington this morning.	The post office was not the only political outpost in Washington.	0
One law enforcement agency is not an agency that can deal with these issues in Washington this morning.	Political parties are dissolved early in the morning.	1
One law enforcement agency is not an agency that can deal with these issues in Washington this morning.	There were only pleasures in the resort, mainly	2
One can imagine a bulldozer driver clearing a road for a new development, designed by architect Hey, Loyd...	You can imagine a bulldozer driver driving a bulldozer	1
One can imagine a bulldozer driver clearing a road for a new development, designed by architect Hey, Loyd...	You can imagine a bulldozer worker	0
One can imagine a bulldozer driver clearing a road for a new development, designed by architect Hey, Loyd...	You can't imagine a bulldozer worker	2
I called him in a letter I wrote to the Doctor. He seemed pleased, and he sent me a small fruitcake for Christmas.	I am sure that the doctor received my letter.	0
I called him in a letter I wrote to the Doctor. He seemed pleased, and he sent me a small fruitcake for Christmas.	I didn't eat the bread the doctor gave me that Christmas.	1
I called him in a letter I wrote to the Doctor. He seemed pleased, and he sent me a small fruitcake for Christmas.	The doctor sent me a bottle of wine that Christmas	2
The group had previously been known by the memorable name Bean Eaters, which, ironically, could also be mistaken for an Indian surname.	They changed the name of their church because it wasn't popular.	1
The group had previously been known by the memorable name Bean Eaters, which, ironically, could also be mistaken for an Indian surname.	The group had an earlier name that could also be considered an Indian surname.	0
The group had previously been known by the memorable name Bean Eaters, which, ironically, could also be mistaken for an Indian surname.	The organization had only one name.	2
I could not find such a definition in a dictionary	I found the definition in the dictionary	2
I could not find such a definition in a dictionary	I looked it up in the dictionary and found no explanation.	0
I could not find such a definition in a dictionary	The dictionary I used was a standard dictionary.	1
How can this be done?	How many are helpless?	2
How can this be done?	How could anyone commit such a heinous crime?	1
How can this be done?	How could one person do that?	0
In addition, according to the introduction, the words are known to have been invented in the 20th century, but he omits military terms from the early 20th century.	According to the foreword, it contains material from the 20th century but does not take into account earlier languages.	0
In addition, according to the introduction, the words are known to have been invented in the 20th century, but he omits military terms from the early 20th century.	It contains all the languages that have existed since the beginning of time.	2
In addition, according to the introduction, the words are known to have been invented in the 20th century, but he omits military terms from the early 20th century.	There are many different languages written before the twentieth century.	1
If someone owns a 1984 copy, he may be annoyed that he had to buy this rather than the shorter (and more expensive) Aid.	The 1984 edition was the best.	1
If someone owns a 1984 copy, he may be annoyed that he had to buy this rather than the shorter (and more expensive) Aid.	The book is not for sale.	2
If someone owns a 1984 copy, he may be annoyed that he had to buy this rather than the shorter (and more expensive) Aid.	The added food was cheaper than the scroll.	0
Explained by Bernstein in the introduction	Bernstein does not elaborate.	1
Explained by Bernstein in the introduction	It was only in the conclusion that Bernstein made his point.	2
Explained by Bernstein in the introduction	Presiding over the congregation was a matter of interpretation.	0
This is not a law, but it is hard for a foreigner to tell the difference, even if there are more than twenty.	Indigenous peoples themselves have also faced difficulties in their use over the centuries	1
This is not a law, but it is hard for a foreigner to tell the difference, even if there are more than twenty.	Slander is the easiest thing for strangers to hear.	2
This is not a law, but it is hard for a foreigner to tell the difference, even if there are more than twenty.	These words are not easy for a foreigner to understand.	0
Finally, one must be on guard against the tendency to exaggerate.	It is the job of media executives to identify these errors.	1
Finally, one must be on guard against the tendency to exaggerate.	Growth is a good way to see the present; it's a good way to forget something.	2
Finally, one must be on guard against the tendency to exaggerate.	Understanding can be lost if the sentence is spoken slowly.	0
Do not deceive yourselves with empty speeches.	Bathing is a good way to keep yourself organized and alert.	2
Do not deceive yourselves with empty speeches.	If the fire is too high, it can make a person fall on his head	0
Do not deceive yourselves with empty speeches.	Today, the volcano is five times higher than it used to be in those days.	1
There is no other occupation that is more degrading.	Other professions are more prestigious in themselves.	1
There is no other occupation that is more degrading.	There are many rituals that involve self-sacrifice	2
There is no other occupation that is more degrading.	There is no more serious self-blame.	0
Such men, because of their own vanity and greed for money, are lacking in wisdom and are not honored by their own country.	There's no good name in the papers.	2
Such men, because of their own vanity and greed for money, are lacking in wisdom and are not honored by their own country.	These outdated books do not have a good reputation.	0
Such men, because of their own vanity and greed for money, are lacking in wisdom and are not honored by their own country.	Women's marriages are mentioned in these news reports	1
A lite/light refers to the shape of the beer	Biya fragments may refer to lite or light	0
A lite/light refers to the shape of the beer	Lite and light are used to flavor wine and whiskey	2
A lite/light refers to the shape of the beer	The weight of the cold beer is not high enough	1
He makes a name for himself in the middle of the day when neither he nor a trusted representative is needed.	People couldn't think of another name.	1
He makes a name for himself in the middle of the day when neither he nor a trusted representative is needed.	The name is overused.	0
He makes a name for himself in the middle of the day when neither he nor a trusted representative is needed.	It must be magnified.	2
Since these facts are known, woe to the scribe who adds to his own trickery!	Her birth is the most shameful event in human history.	2
Since these facts are known, woe to the scribe who adds to his own trickery!	A well-written message is more likely to be remembered than one that is poorly written.	0
Since these facts are known, woe to the scribe who adds to his own trickery!	A well-written constitution is watered down by excessive printing	1
When the English learned of this sinister practice, they honored it and promoted it	The English have no respect for people.	2
When the English learned of this sinister practice, they honored it and promoted it	The British abandoned the global economy	1
When the English learned of this sinister practice, they honored it and promoted it	The English are the most taxed people in the world	0
At times, he was the most cunning.	Some sunspots are not visible to the naked eye.	0
At times, he was the most cunning.	He does not shout because of some attempted shouting.	1
At times, he was the most cunning.	They are easily spotted from a distance	2
It is true that there are more dialects of English in Britain than in North America, and those who hear them spoken will tell you that some of them have no meaningful connection with one another.	There are more English vernaculars in Great Britain than in the United States.	0
It is true that there are more dialects of English in Britain than in North America, and those who hear them spoken will tell you that some of them have no meaningful connection with one another.	The vernaculars of American and British English are so similar that there is little difference between them.	2
It is true that there are more dialects of English in Britain than in North America, and those who hear them spoken will tell you that some of them have no meaningful connection with one another.	North Americans could hardly understand the vernaculars of British English.	1
"Using the term dry season, a Tennessee newspaper reporter identified ""dry season"" with ""canicule"", the dry season of autumn."	According to the journalist, the dog era is a phrase that is used to describe the period of heavy rainfall.	2
"Using the term dry season, a Tennessee newspaper reporter identified ""dry season"" with ""canicule"", the dry season of autumn."	In Tennessee, winter and spring are also very hot months	1
"Using the term dry season, a Tennessee newspaper reporter identified ""dry season"" with ""canicule"", the dry season of autumn."	It was hot in the winter, and there was no rain.	0
